{
  "batches": 122,
  "phases": {
    "vm_execution": {
      "features": {
        "rich_addressing_op": 2.3048642012932383,
        "average_op": 0.0,
        "storage_read": 11400.484479283152,
        "storage_write": 44786.758126478904,
        "transient_storage_read": 0.0,
        "transient_storage_write": 0.0,
        "event": 0.0,
        "precompile_call": 8641.741702265805,
        "decommit": 410177.56216735434,
        "far_call": 22924.97944753459,
        "uma_write": 2035.9618759096163,
        "uma_read": 712.2940105786639,
        "near_call_count": 0.0,
        "keccak256_cycles": 26951.38066024788,
        "sha256_cycles": 84950.24475630203,
        "ec_recover_cycles": 11524968.38558874,
        "decommit_cycles": 3708.998463796154,
        "storage_application": 33273.493903227776,
        "transaction_count": 0.0,
        "mod_exp_cycles": 919708.6001110935,
        "ec_add_cycles": 116909.81017646923,
        "ec_mul_cycles": 131938.68064243157,
        "ec_pairing_cycles": 50144032.81816734,
        "secp256r1_verify_cycles": 12543939.429595072
      },
      "base": 818989001.3514173,
      "r2": 0.9999506326913582
    },
    "merkle_verification": {
      "features": {
        "merkle_leaf_count": 292752.9609863816
      },
      "base": 67248595.24003176,
      "r2": 0.9946784734895651
    },
    "setup": {
      "features": {
        "merkle_leaf_count": 55296.21193375511,
        "transaction_count": 134831.77167683805
      },
      "base": 375386841.3423015,
      "r2": 0.8466573864567003
    },
    "commitment": {
      "features": {
        "pubdata_bytes": 252.1784561875586
      },
      "base": 137867018.12291804,
      "r2": 0.8682501559645529
    }
  },
  "total": {
    "features": {
      "rich_addressing_op": 71.38770172217762,
      "average_op": 0.0,
      "storage_read": 3697.8710719635264,
      "storage_write": 44255.25941545771,
      "transient_storage_read": 0.0,
      "transient_storage_write": 0.0,
      "event": 2286.714649863294,
      "precompile_call": 9215.85845606937,
      "decommit": 285949.10559122846,
      "far_call": 15004.163700581297,
      "uma_write": 2964.5831986410494,
      "uma_read": 76.64860480409298,
      "keccak256_cycles": 38464.35797506349,
      "sha256_cycles": 1320.2192674643616,
      "ec_recover_cycles": 11467510.96411993,
      "decommit_cycles": 9732.174872095837,
      "storage_application": 159141.07360818062,
      "transaction_count": 30598.40115744476,
      "near_call_count": 0.0,
      "pubdata_bytes": 4178.688672603418,
      "merkle_leaf_count": 167667.52134472952,
      "mod_exp_cycles": 952643.5807663992,
      "ec_add_cycles": 185723.54197784388,
      "ec_mul_cycles": 201184.96720966423,
      "ec_pairing_cycles": 66604670.79851486,
      "secp256r1_verify_cycles": 12665313.313929021
    },
    "base": 1228604369.860906,
    "r2": 0.9999492729142743
  }
}