{
  "batches": 122,
  "phases": {
    "vm_execution": {
      "features": {
        "rich_addressing_op": 2.3048670830152,
        "average_op": 0.0,
        "storage_read": 11400.48110280341,
        "storage_write": 44786.76805258805,
        "transient_storage_read": 0.0,
        "transient_storage_write": 0.0,
        "event": 0.0,
        "precompile_call": 8641.725710820794,
        "decommit": 410177.7151939077,
        "far_call": 22924.981952223814,
        "uma_write": 2035.9610651352416,
        "uma_read": 712.2941557381675,
        "near_call_count": 0.0,
        "keccak256_cycles": 26951.398998523448,
        "sha256_cycles": 84950.22399999519,
        "ec_recover_cycles": 11524968.49647119,
        "decommit_cycles": 3708.9988879430434,
        "storage_application": 33273.48658223204,
        "transaction_count": 0.0
      },
      "base": 818988947.2378746,
      "r2": 0.9999506327076458
    },
    "merkle_verification": {
      "features": {
        "merkle_leaf_count": 231382.17100235328,
        "state_diff_count": 203476.51206983504
      },
      "base": 21022507.035435747,
      "r2": 0.9999972132845248
    },
    "setup": {
      "features": {
        "merkle_leaf_count": 2057.0363542379155,
        "transaction_count": 0.0,
        "used_bytecode_bytes": 62.87954071302192,
        "used_bytecode_count": 6050.85602089668,
        "storage_key_count": 3859.0657322849925
      },
      "base": 15220052.62771114,
      "r2": 0.9999990146293445
    },
    "commitment": {
      "features": {
        "pubdata_bytes": 252.1784561875586
      },
      "base": 137867018.12291804,
      "r2": 0.8682501559645529
    }
  },
  "total": {
    "features": {
      "rich_addressing_op": 77.71779902830953,
      "average_op": 0.0,
      "storage_read": 10447.27188227311,
      "storage_write": 42628.87743825382,
      "transient_storage_read": 0.0,
      "transient_storage_write": 0.0,
      "event": 0.0,
      "precompile_call": 25898.52965928509,
      "decommit": 317139.3108689094,
      "far_call": 15160.495240034305,
      "uma_write": 2825.3975118135427,
      "uma_read": 85.81891176548686,
      "keccak256_cycles": 13064.923900782425,
      "sha256_cycles": 0.0,
      "ec_recover_cycles": 11544093.954367945,
      "decommit_cycles": 0.0,
      "storage_application": 0.0,
      "transaction_count": 97375.89129555412,
      "near_call_count": 0.0,
      "pubdata_bytes": 4581.9003621756365,
      "merkle_leaf_count": 184844.51330038707,
      "used_bytecode_bytes": 152.3692929260547,
      "used_bytecode_count": 0.0,
      "storage_key_count": 146017.86543397998,
      "state_diff_count": 154699.80938271995
    },
    "base": 1164121820.6147242,
    "r2": 0.9999739141617332
  }
}